Dataset,0.005,0.01,0.015,0.02,0.025,0.03,0.035,0.04,0.045,0.05,0.055,0.06,0.065,0.07,0.075,0.08,0.085,0.09,0.095,0.1
ALLAML,0.74257143,0.73314286,0.86609524,0.84104762,0.86466667,0.85676190,0.85647619,0.88152381,0.89571429,0.92314286,0.91238095,0.90361905,0.91342857,0.89657143,0.89428571,0.89828571,0.89704762,0.91104762,0.91600000,0.91561905
ALLAML,0.75247619,0.74704762,0.83295238,0.87066667,0.87609524,0.86790476,0.88323810,0.89542857,0.88866667,0.94447619,0.94838095,0.94019048,0.94990476,0.95961905,0.95409524,0.95552381,0.95695238,0.95685714,0.95419048,0.96780952
ALLAML,0.86066667,0.88723810,0.93190476,0.92333333,0.93142857,0.93723810,0.95038095,0.96514286,0.97076190,0.96638095,0.96228571,0.96514286,0.95685714,0.95266667,0.95104762,0.95933333,0.95961905,0.96342857,0.95533333,0.94819048
ALLAML,0.83295238,0.87895238,0.89028571,0.89009524,0.90571429,0.90257143,0.89238095,0.89704762,0.90542857,0.90161905,0.90419048,0.89866667,0.88552381,0.88742857,0.87904762,0.89285714,0.91904762,0.90809524,0.91590476,0.90266667
ALLAML,0.79666667,0.86390476,0.88057143,0.86800000,0.85980952,0.86180952,0.88800000,0.89800000,0.88733333,0.91019048,0.92038095,0.91752381,0.91742857,0.90542857,0.90228571,0.92590476,0.91228571,0.93857143,0.94247619,0.94238095
ALLAML,0.75352381,0.77819048,0.81704762,0.87933333,0.88980952,0.88695238,0.89561905,0.89704762,0.91066667,0.91238095,0.91123810,0.91085714,0.89980952,0.90257143,0.90990476,0.90285714,0.90000000,0.90666667,0.92085714,0.91542857
ALLAML,0.77428571,0.82171429,0.79419048,0.82838095,0.85219048,0.89161905,0.89723810,0.88047619,0.89552381,0.88980952,0.88942857,0.89390476,0.87714286,0.89000000,0.91371429,0.91095238,0.90495238,0.93419048,0.92190476,0.94828571
ALLAML,0.60485714,0.77609524,0.75361905,0.90209524,0.93314286,0.93428571,0.91390476,0.92323810,0.92333333,0.91790476,0.92295238,0.94304762,0.93742857,0.93847619,0.94504762,0.93828571,0.93161905,0.93847619,0.93428571,0.95638095
ALLAML,0.84038095,0.86876190,0.88066667,0.85790476,0.86095238,0.86942857,0.86638095,0.87742857,0.87180952,0.87152381,0.90390476,0.90104762,0.89857143,0.89552381,0.90961905,0.92466667,0.90676190,0.91114286,0.91647619,0.90933333
ALLAML,0.88485714,0.87180952,0.87076190,0.90114286,0.89380952,0.89066667,0.89790476,0.89380952,0.89371429,0.91752381,0.90066667,0.90380952,0.91885714,0.92609524,0.92590476,0.92333333,0.93028571,0.93171429,0.93009524,0.93285714
CLL_SUB_111,0.52509881,0.54992095,0.57383399,0.55351779,0.60343874,0.60383399,0.63446640,0.60450593,0.60462451,0.60284585,0.62537549,0.62083004,0.63624506,0.64241107,0.62972332,0.62640316,0.64616601,0.64359684,0.64529644,0.64960474
CLL_SUB_111,0.61083004,0.61197628,0.64403162,0.69909091,0.66304348,0.74418972,0.70909091,0.73632411,0.70000000,0.71241107,0.70553360,0.69833992,0.69980237,0.70833992,0.72533597,0.71284585,0.71624506,0.69916996,0.71525692,0.71375494
CLL_SUB_111,0.59996047,0.62197628,0.63988142,0.62992095,0.62924901,0.64059289,0.63814229,0.64347826,0.65063241,0.66142292,0.63691700,0.64944664,0.67229249,0.67039526,0.66043478,0.66521739,0.66952569,0.69000000,0.67213439,0.65782609
CLL_SUB_111,0.75142292,0.74762846,0.73909091,0.72620553,0.72940711,0.69830040,0.72335968,0.71964427,0.73762846,0.73415020,0.72671937,0.74312253,0.73944664,0.71450593,0.75233202,0.74778656,0.75581028,0.75134387,0.74158103,0.74857708
CLL_SUB_111,0.68316206,0.67774704,0.66743083,0.66490119,0.67830040,0.66126482,0.67588933,0.66936759,0.65577075,0.65015810,0.64905138,0.63150198,0.66391304,0.65304348,0.66584980,0.66640316,0.66968379,0.66584980,0.69094862,0.67501976
CLL_SUB_111,0.67577075,0.61901186,0.63719368,0.64339921,0.64071146,0.64426877,0.63786561,0.63529644,0.61996047,0.65158103,0.62976285,0.63794466,0.66114625,0.66075099,0.66181818,0.66853755,0.68391304,0.69094862,0.69197628,0.67122530
CLL_SUB_111,0.63438735,0.59916996,0.60644269,0.61924901,0.62996047,0.65039526,0.66596838,0.67557312,0.65786561,0.67134387,0.66865613,0.65731225,0.68932806,0.67217391,0.68509881,0.68462451,0.67565217,0.69118577,0.67498024,0.68213439
CLL_SUB_111,0.62075099,0.67146245,0.69209486,0.70909091,0.68988142,0.71185771,0.71640316,0.71071146,0.74268775,0.71565217,0.72379447,0.71909091,0.71612648,0.72086957,0.69284585,0.73537549,0.74442688,0.74071146,0.73363636,0.74470356
CLL_SUB_111,0.60743083,0.63268775,0.59055336,0.64703557,0.65703557,0.66059289,0.65916996,0.65308300,0.66707510,0.69758893,0.69324111,0.68403162,0.68217391,0.69474308,0.66683794,0.68845850,0.65110672,0.68209486,0.68209486,0.69667984
CLL_SUB_111,0.58913043,0.62169960,0.61339921,0.62956522,0.64407115,0.65482213,0.65561265,0.64743083,0.68822134,0.69905138,0.70114625,0.71185771,0.71442688,0.71434783,0.69565217,0.69660079,0.69446640,0.71466403,0.71090909,0.69280632
COIL20,0.86048611,0.93312500,0.97263889,0.98347222,0.98458333,0.98694444,0.99388889,0.99451389,0.99506944,0.99479167,0.99541667,0.99520833,0.99486111,0.99534722,0.99402778,0.99506944,0.99520833,0.99576389,0.99604167,0.99534722
COIL20,0.83090278,0.87951389,0.92916667,0.94541667,0.96875000,0.98513889,0.98868056,0.99131944,0.99145833,0.99263889,0.99111111,0.99166667,0.99291667,0.99361111,0.99250000,0.99388889,0.99375000,0.99402778,0.99388889,0.99465278
COIL20,0.89222222,0.94965278,0.96604167,0.98201389,0.98486111,0.98423611,0.98812500,0.99069444,0.99388889,0.99423611,0.99354167,0.99375000,0.99423611,0.99312500,0.99618056,0.99506944,0.99673611,0.99618056,0.99618056,0.99638889
COIL20,0.87659722,0.94784722,0.96638889,0.97743056,0.98013889,0.97979167,0.98333333,0.98500000,0.98819444,0.99027778,0.99180556,0.99166667,0.99180556,0.99159722,0.99409722,0.99409722,0.99493056,0.99340278,0.99402778,0.99513889
COIL20,0.87972222,0.94972222,0.96604167,0.97777778,0.98597222,0.98541667,0.98493056,0.98895833,0.98923611,0.99041667,0.99076389,0.99256944,0.99312500,0.99333333,0.99458333,0.99493056,0.99395833,0.99465278,0.99493056,0.99555556
COIL20,0.89784722,0.94652778,0.98506944,0.98784722,0.99125000,0.99034722,0.99187500,0.99458333,0.99534722,0.99430556,0.99548611,0.99597222,0.99590278,0.99597222,0.99659722,0.99736111,0.99680556,0.99715278,0.99750000,0.99680556
COIL20,0.87013889,0.92833333,0.96180556,0.97291667,0.98951389,0.99201389,0.99201389,0.99333333,0.99444444,0.99472222,0.99402778,0.99500000,0.99486111,0.99548611,0.99666667,0.99576389,0.99548611,0.99611111,0.99604167,0.99638889
COIL20,0.68159722,0.87736111,0.95055556,0.96256944,0.96569444,0.96881944,0.97569444,0.97812500,0.97833333,0.98069444,0.97958333,0.97805556,0.97958333,0.98201389,0.98256944,0.99145833,0.99312500,0.99354167,0.99493056,0.99381944
COIL20,0.84152778,0.93944444,0.95666667,0.97090278,0.98354167,0.98597222,0.98743056,0.99145833,0.99229167,0.99395833,0.99375000,0.99583333,0.99555556,0.99638889,0.99590278,0.99555556,0.99555556,0.99604167,0.99604167,0.99729167
COIL20,0.80868056,0.92715278,0.95472222,0.96986111,0.98125000,0.98548611,0.98784722,0.99020833,0.98875000,0.98986111,0.99263889,0.99263889,0.99479167,0.99541667,0.99479167,0.99645833,0.99687500,0.99638889,0.99715278,0.99743056
Carcinom,0.67401681,0.76050420,0.79672269,0.78988235,0.79447059,0.80119328,0.80126050,0.82492437,0.81912605,0.82889076,0.84097479,0.84673950,0.84050420,0.84559664,0.84623529,0.84611765,0.84959664,0.85586555,0.84843697,0.85478992
Carcinom,0.66386555,0.74200000,0.76277311,0.77887395,0.78973109,0.80759664,0.82263866,0.82268908,0.81394958,0.81969748,0.82480672,0.82373109,0.83174790,0.83058824,0.84040336,0.85194958,0.84156303,0.84164706,0.83058824,0.84606723
Carcinom,0.67885714,0.73300840,0.75075630,0.76625210,0.79216807,0.80941176,0.79489076,0.80704202,0.81329412,0.81741176,0.81855462,0.82598319,0.82080672,0.82532773,0.83157983,0.82085714,0.82425210,0.83690756,0.82541176,0.82766387
Carcinom,0.74379832,0.75285714,0.76386555,0.78805042,0.78633613,0.79379832,0.82373109,0.81109244,0.81467227,0.81452101,0.83294118,0.82993277,0.83526050,0.83638655,0.84031933,0.83408403,0.84606723,0.84613445,0.83625210,0.84371429
Carcinom,0.65300840,0.68922689,0.73462185,0.75077311,0.76221849,0.77557983,0.81164706,0.83981513,0.83983193,0.84314286,0.84783193,0.84778151,0.84201681,0.85522689,0.84836975,0.85179832,0.85245378,0.84263866,0.84899160,0.85636975
Carcinom,0.68914286,0.71979832,0.79445378,0.79435294,0.80986555,0.82484034,0.81447059,0.82203361,0.84489076,0.84097479,0.83349580,0.84095798,0.83119328,0.83689076,0.83576471,0.83218487,0.83334454,0.84605042,0.84374790,0.83798319
Carcinom,0.63867227,0.74139496,0.75531092,0.78921008,0.80346218,0.80531092,0.81038655,0.81793277,0.82255462,0.82830252,0.83677311,0.84090756,0.83862185,0.84783193,0.84773109,0.84094118,0.85068908,0.85472269,0.86040336,0.85294118
Carcinom,0.66440336,0.72319328,0.78860504,0.79665546,0.80818487,0.83294118,0.82433613,0.82714286,0.82826891,0.82954622,0.83515966,0.83400000,0.83287395,0.84092437,0.83921008,0.83756303,0.83457143,0.83922689,0.83515966,0.84606723
Carcinom,0.68915966,0.73398319,0.77314286,0.77781513,0.80588235,0.81448739,0.80420168,0.81571429,0.81278992,0.81628571,0.82129412,0.81621849,0.82089076,0.82774790,0.82726050,0.82477311,0.82310924,0.82263866,0.82771429,0.83455462
Carcinom,0.70235294,0.76512605,0.78689076,0.80472269,0.84156303,0.84031933,0.84376471,0.84773109,0.83744538,0.85640336,0.84892437,0.84672269,0.85524370,0.84717647,0.84262185,0.84779832,0.85068908,0.85181513,0.85356303,0.85937815
GLIOMA,0.66200000,0.68400000,0.70600000,0.71600000,0.71800000,0.72800000,0.74600000,0.74400000,0.73000000,0.73400000,0.72800000,0.72800000,0.75600000,0.74800000,0.74200000,0.75400000,0.76000000,0.74200000,0.72200000,0.76200000
GLIOMA,0.61000000,0.63400000,0.65200000,0.69400000,0.70400000,0.71800000,0.71600000,0.71000000,0.72200000,0.70600000,0.71600000,0.69200000,0.71400000,0.73000000,0.72200000,0.71600000,0.73200000,0.72600000,0.74800000,0.73000000
GLIOMA,0.74000000,0.72600000,0.72000000,0.70600000,0.71400000,0.71800000,0.74400000,0.74200000,0.76400000,0.77200000,0.76600000,0.75800000,0.72800000,0.75600000,0.76800000,0.76000000,0.75000000,0.75400000,0.75600000,0.77000000
GLIOMA,0.68200000,0.67800000,0.69800000,0.71400000,0.71400000,0.71600000,0.73200000,0.70800000,0.73200000,0.73800000,0.74800000,0.75200000,0.76000000,0.75600000,0.74600000,0.74400000,0.72000000,0.73000000,0.74200000,0.74600000
GLIOMA,0.70800000,0.72200000,0.69600000,0.72400000,0.74000000,0.72800000,0.73800000,0.72200000,0.73600000,0.73600000,0.72000000,0.75000000,0.75800000,0.74000000,0.75600000,0.75200000,0.75800000,0.75000000,0.75600000,0.77400000
GLIOMA,0.75400000,0.77600000,0.76600000,0.74000000,0.77800000,0.77200000,0.77400000,0.76000000,0.79200000,0.78000000,0.79200000,0.79600000,0.78800000,0.79200000,0.79400000,0.79800000,0.78800000,0.79600000,0.79400000,0.80000000
GLIOMA,0.71000000,0.74000000,0.73400000,0.75600000,0.74200000,0.75200000,0.75400000,0.78000000,0.77400000,0.76400000,0.77400000,0.75400000,0.77600000,0.76800000,0.77400000,0.76200000,0.76800000,0.77200000,0.77600000,0.78400000
GLIOMA,0.71200000,0.74400000,0.72400000,0.70600000,0.71600000,0.70000000,0.70800000,0.70200000,0.72800000,0.73800000,0.72400000,0.72400000,0.75200000,0.76000000,0.75600000,0.74000000,0.78000000,0.76200000,0.76600000,0.74000000
GLIOMA,0.65600000,0.71000000,0.73800000,0.73600000,0.72200000,0.73600000,0.75600000,0.75800000,0.73200000,0.73400000,0.74600000,0.75600000,0.71600000,0.73600000,0.73800000,0.76600000,0.74200000,0.73200000,0.73800000,0.73600000
GLIOMA,0.73600000,0.75000000,0.78000000,0.75800000,0.76400000,0.75000000,0.76200000,0.75200000,0.74400000,0.77200000,0.75200000,0.75800000,0.75600000,0.75800000,0.75400000,0.74000000,0.75200000,0.75400000,0.75400000,0.74600000
GLI_85,0.81058824,0.86823529,0.86000000,0.85764706,0.86588235,0.86588235,0.87411765,0.86823529,0.87647059,0.86235294,0.86235294,0.86823529,0.86588235,0.86470588,0.86588235,0.87411765,0.87529412,0.86941176,0.86941176,0.88470588
GLI_85,0.78823529,0.84705882,0.84117647,0.84823529,0.84588235,0.84470588,0.84117647,0.84000000,0.84000000,0.84000000,0.85411765,0.86705882,0.85294118,0.85882353,0.86235294,0.85176471,0.84588235,0.85294118,0.85882353,0.85764706
GLI_85,0.83529412,0.83058824,0.83764706,0.83882353,0.83764706,0.84117647,0.83882353,0.85529412,0.85176471,0.84823529,0.85058824,0.84941176,0.85411765,0.85294118,0.85764706,0.85529412,0.85529412,0.85647059,0.85294118,0.85882353
GLI_85,0.88470588,0.86823529,0.86352941,0.86588235,0.85647059,0.87529412,0.87411765,0.87294118,0.86352941,0.86470588,0.85529412,0.86823529,0.87058824,0.86941176,0.85647059,0.86235294,0.86117647,0.86352941,0.86588235,0.85764706
GLI_85,0.84352941,0.85294118,0.85058824,0.85058824,0.85294118,0.84705882,0.86000000,0.85058824,0.85176471,0.86000000,0.85647059,0.85882353,0.86705882,0.87058824,0.87176471,0.85647059,0.86470588,0.85764706,0.85647059,0.85058824
GLI_85,0.82352941,0.86117647,0.85058824,0.84705882,0.85411765,0.85058824,0.85529412,0.85176471,0.87058824,0.85882353,0.85411765,0.85882353,0.85529412,0.86117647,0.85294118,0.85647059,0.85764706,0.86117647,0.85882353,0.85764706
GLI_85,0.80941176,0.83882353,0.85176471,0.84352941,0.85294118,0.86117647,0.86117647,0.86470588,0.86352941,0.86823529,0.86117647,0.84352941,0.85176471,0.86705882,0.86000000,0.85764706,0.86470588,0.87176471,0.86588235,0.86000000
GLI_85,0.82235294,0.83882353,0.83764706,0.84352941,0.84941176,0.84470588,0.84823529,0.85882353,0.85529412,0.86000000,0.85411765,0.85411765,0.85529412,0.85647059,0.86588235,0.86823529,0.87176471,0.86705882,0.86823529,0.86705882
GLI_85,0.83294118,0.85529412,0.85176471,0.85411765,0.84588235,0.85058824,0.85294118,0.85764706,0.85529412,0.86470588,0.85294118,0.85764706,0.85294118,0.85882353,0.85764706,0.86117647,0.86352941,0.85882353,0.85529412,0.86000000
GLI_85,0.80470588,0.85294118,0.85764706,0.84117647,0.84000000,0.84470588,0.85647059,0.83764706,0.83529412,0.84470588,0.84941176,0.85411765,0.84588235,0.85411765,0.85176471,0.84588235,0.83764706,0.84470588,0.86352941,0.85176471
Isolet,0.17064103,0.36205128,0.47102564,0.52224359,0.56038462,0.58410256,0.62032051,0.66217949,0.66576923,0.67833333,0.76243590,0.82128205,0.83153846,0.83858974,0.83564103,0.84237179,0.84730769,0.85724359,0.86006410,0.86243590
Isolet,0.23211538,0.43134615,0.50262821,0.52685897,0.61724359,0.68589744,0.70102564,0.71506410,0.74551282,0.81391026,0.81339744,0.83371795,0.83320513,0.83775641,0.84647436,0.84942308,0.85256410,0.87384615,0.88038462,0.88403846
Isolet,0.32948718,0.42096154,0.54333333,0.63980769,0.66025641,0.72525641,0.74935897,0.78076923,0.78307692,0.80051282,0.80826923,0.81346154,0.81839744,0.83358974,0.83794872,0.84724359,0.85967949,0.85628205,0.86987179,0.87557692
Isolet,0.31871795,0.48205128,0.54384615,0.63070513,0.66737179,0.71250000,0.72506410,0.77250000,0.79032051,0.79775641,0.82025641,0.84634615,0.85711538,0.85897436,0.86993590,0.87198718,0.87750000,0.87891026,0.87923077,0.88544872
Isolet,0.24000000,0.42551282,0.49596154,0.63519231,0.67320513,0.70083333,0.77929487,0.79269231,0.80525641,0.82288462,0.83256410,0.84160256,0.85730769,0.85916667,0.87301282,0.87756410,0.87826923,0.87955128,0.88006410,0.88538462
Isolet,0.26038462,0.41519231,0.58743590,0.64230769,0.66365385,0.69275641,0.72891026,0.76705128,0.76878205,0.78544872,0.79198718,0.81961538,0.83282051,0.83416667,0.84256410,0.83871795,0.84147436,0.84846154,0.86198718,0.86391026
Isolet,0.16891026,0.25833333,0.41275641,0.56942308,0.63762821,0.66762821,0.70115385,0.73961538,0.77243590,0.81660256,0.84923077,0.85198718,0.85589744,0.86756410,0.87641026,0.87910256,0.88679487,0.88897436,0.88987179,0.88775641
Isolet,0.27839744,0.44038462,0.49435897,0.55724359,0.63525641,0.68948718,0.72557692,0.74717949,0.77839744,0.78641026,0.78897436,0.79051282,0.80717949,0.81576923,0.81480769,0.85839744,0.87948718,0.88211538,0.88788462,0.88589744
Isolet,0.23788462,0.43634615,0.47935897,0.55935897,0.59160256,0.64333333,0.69557692,0.71666667,0.72057692,0.74852564,0.76711538,0.77339744,0.78346154,0.80967949,0.81429487,0.84275641,0.84916667,0.86467949,0.86833333,0.86570513
Isolet,0.24455128,0.41339744,0.54224359,0.57974359,0.60397436,0.65230769,0.67448718,0.69570513,0.74730769,0.75897436,0.77641026,0.78660256,0.79455128,0.79711538,0.79365385,0.80000000,0.83846154,0.84525641,0.84615385,0.85064103
ORL,0.57850000,0.71150000,0.78550000,0.79225000,0.85700000,0.86400000,0.87450000,0.89750000,0.90650000,0.91275000,0.91125000,0.91500000,0.91425000,0.92175000,0.92525000,0.92100000,0.92550000,0.93050000,0.92775000,0.93675000
ORL,0.50500000,0.66750000,0.74450000,0.78625000,0.80475000,0.83800000,0.85750000,0.87725000,0.88575000,0.89500000,0.89900000,0.89600000,0.90550000,0.90925000,0.90725000,0.90850000,0.91775000,0.91350000,0.92900000,0.92125000
ORL,0.45225000,0.70125000,0.82125000,0.85700000,0.87275000,0.88875000,0.88625000,0.89375000,0.90425000,0.90600000,0.90650000,0.90975000,0.91625000,0.91950000,0.92150000,0.92375000,0.91850000,0.92175000,0.92375000,0.92450000
ORL,0.58350000,0.70325000,0.76375000,0.83375000,0.83925000,0.87025000,0.88125000,0.88600000,0.88425000,0.88950000,0.89475000,0.90200000,0.89650000,0.89850000,0.90675000,0.90825000,0.91450000,0.91750000,0.92200000,0.92600000
ORL,0.63050000,0.77500000,0.83225000,0.86225000,0.86475000,0.88375000,0.89600000,0.90200000,0.89750000,0.90425000,0.89675000,0.90075000,0.91000000,0.90475000,0.90700000,0.90375000,0.91150000,0.91650000,0.92100000,0.91700000
ORL,0.56800000,0.76000000,0.80250000,0.83600000,0.84025000,0.86700000,0.88300000,0.88650000,0.89300000,0.90525000,0.90175000,0.90700000,0.90925000,0.90775000,0.90925000,0.91200000,0.90950000,0.91350000,0.91425000,0.91675000
ORL,0.52350000,0.69025000,0.77600000,0.83825000,0.87325000,0.90450000,0.90225000,0.91525000,0.91850000,0.92350000,0.92000000,0.92425000,0.92975000,0.92800000,0.93075000,0.93675000,0.94125000,0.93350000,0.94150000,0.94250000
ORL,0.53425000,0.71600000,0.80425000,0.82050000,0.82925000,0.85100000,0.87225000,0.88725000,0.89425000,0.89725000,0.89450000,0.90875000,0.90425000,0.91650000,0.91425000,0.91625000,0.91825000,0.91800000,0.92200000,0.92250000
ORL,0.63975000,0.75475000,0.80975000,0.85050000,0.85625000,0.87875000,0.87175000,0.88775000,0.88825000,0.89575000,0.89800000,0.90150000,0.90800000,0.91125000,0.91500000,0.91550000,0.92175000,0.92050000,0.92725000,0.92825000
ORL,0.54775000,0.69300000,0.75600000,0.82750000,0.83275000,0.86100000,0.88150000,0.89100000,0.89775000,0.90400000,0.90800000,0.91450000,0.90875000,0.91475000,0.91700000,0.92375000,0.92575000,0.92925000,0.92725000,0.93450000
Prostate_GE,0.74342857,0.81890476,0.82771429,0.83761905,0.84166667,0.84352381,0.82995238,0.84147619,0.85333333,0.85419048,0.85723810,0.85328571,0.85628571,0.86019048,0.86704762,0.85833333,0.86319048,0.86004762,0.86419048,0.86276190
Prostate_GE,0.83623810,0.85904762,0.84738095,0.87095238,0.86504762,0.86714286,0.86780952,0.86504762,0.86709524,0.86014286,0.86128571,0.84866667,0.86328571,0.86223810,0.85328571,0.86404762,0.86304762,0.86623810,0.86700000,0.87195238
Prostate_GE,0.70457143,0.78680952,0.81304762,0.83971429,0.86604762,0.87385714,0.86661905,0.86219048,0.87080952,0.86790476,0.86800000,0.88061905,0.87390476,0.87671429,0.87771429,0.88085714,0.87280952,0.87385714,0.87304762,0.87171429
Prostate_GE,0.78357143,0.79804762,0.80695238,0.83961905,0.85895238,0.86414286,0.86095238,0.85904762,0.85033333,0.85909524,0.84633333,0.85114286,0.85828571,0.85423810,0.85723810,0.86790476,0.86290476,0.86014286,0.86680952,0.86028571
Prostate_GE,0.78471429,0.85838095,0.86195238,0.88357143,0.89342857,0.88528571,0.88738095,0.90609524,0.89733333,0.90328571,0.89071429,0.89176190,0.88838095,0.88380952,0.89552381,0.88947619,0.89842857,0.90228571,0.89461905,0.90442857
Prostate_GE,0.79857143,0.81785714,0.84057143,0.83590476,0.83752381,0.84161905,0.88161905,0.89142857,0.88780952,0.88185714,0.88676190,0.88471429,0.87414286,0.89266667,0.88166667,0.88571429,0.88285714,0.88476190,0.88757143,0.87904762
Prostate_GE,0.80285714,0.82390476,0.81323810,0.82385714,0.85642857,0.86009524,0.84952381,0.85614286,0.86314286,0.86323810,0.86885714,0.87319048,0.87590476,0.87661905,0.88266667,0.87295238,0.87685714,0.87680952,0.88200000,0.89057143
Prostate_GE,0.75347619,0.80519048,0.82200000,0.79852381,0.79528571,0.79466667,0.83433333,0.82757143,0.82485714,0.81980952,0.83471429,0.84619048,0.83490476,0.85419048,0.86109524,0.86014286,0.86885714,0.88161905,0.87866667,0.88647619
Prostate_GE,0.81871429,0.84538095,0.85214286,0.87214286,0.87857143,0.88357143,0.88285714,0.88766667,0.88580952,0.88466667,0.89357143,0.90042857,0.89547619,0.89547619,0.89838095,0.89433333,0.90023810,0.89547619,0.89647619,0.90033333
Prostate_GE,0.71704762,0.84228571,0.82361905,0.84752381,0.84738095,0.85214286,0.86871429,0.86585714,0.87285714,0.86300000,0.86300000,0.86700000,0.86333333,0.85604762,0.86604762,0.86595238,0.87014286,0.87180952,0.86904762,0.87376190
SMK_CAN_187,0.64978663,0.66843528,0.67897582,0.68028450,0.68341394,0.68143670,0.67803698,0.68288762,0.67384068,0.67813656,0.67064011,0.68395448,0.68573257,0.67907539,0.67756757,0.67058321,0.67650071,0.67489331,0.68391181,0.67543385
SMK_CAN_187,0.65305832,0.67001422,0.67375533,0.66361309,0.67179232,0.66371266,0.66953058,0.66698435,0.66736842,0.66668563,0.67273115,0.66793741,0.66805121,0.66477952,0.66843528,0.66746799,0.67011380,0.67923186,0.67753912,0.67211949
SMK_CAN_187,0.67970128,0.67445235,0.68234708,0.68452347,0.67335704,0.68128023,0.68887624,0.66527738,0.67873400,0.66641536,0.67506401,0.67172119,0.66418208,0.65941679,0.66849218,0.66691323,0.66587482,0.66374111,0.66753912,0.66746799
SMK_CAN_187,0.70159317,0.67426743,0.67645804,0.66786629,0.67331437,0.66846373,0.66091038,0.66105263,0.67056899,0.66258890,0.66587482,0.66688478,0.66049787,0.66736842,0.66623044,0.66486486,0.67174964,0.67261735,0.66146515,0.67220484
SMK_CAN_187,0.67756757,0.66001422,0.66376956,0.66788051,0.66419630,0.65883357,0.67174964,0.67159317,0.66305832,0.67112376,0.67170697,0.67640114,0.67483642,0.68231863,0.66054054,0.66160740,0.67337127,0.67058321,0.66799431,0.67385491
SMK_CAN_187,0.68718350,0.67062589,0.69059744,0.68613087,0.67708393,0.68032717,0.67972973,0.67867710,0.68610242,0.67689900,0.67594595,0.66852063,0.67287340,0.67977240,0.67756757,0.67480797,0.67284495,0.67066856,0.68088193,0.67226174
SMK_CAN_187,0.65140825,0.65708393,0.66253201,0.68402560,0.68665718,0.67704125,0.68661451,0.68018492,0.68607397,0.68778094,0.68776671,0.68022760,0.67711238,0.68180654,0.67600284,0.67165007,0.68382646,0.68352774,0.68031294,0.68398293
SMK_CAN_187,0.65032717,0.66522048,0.67749644,0.67332859,0.67108108,0.67539118,0.67971550,0.66153627,0.66692745,0.66149360,0.67337127,0.67273115,0.67701280,0.67318634,0.66642959,0.66477952,0.66412518,0.65991465,0.66483642,0.66790896
SMK_CAN_187,0.65775249,0.65840683,0.67549075,0.66169275,0.66900427,0.66204836,0.67068279,0.66687055,0.67224751,0.67162162,0.66645804,0.66415363,0.67709815,0.67504979,0.66896159,0.66641536,0.66843528,0.67600284,0.67435277,0.67438122
SMK_CAN_187,0.67980085,0.67611664,0.67489331,0.68507824,0.66204836,0.67384068,0.66305832,0.67644381,0.66378378,0.66803698,0.66308677,0.66153627,0.66839260,0.67532006,0.66534851,0.66522048,0.66520626,0.65823613,0.67489331,0.66583215
TOX_171,0.67690756,0.63121008,0.69258824,0.71541176,0.74808403,0.73124370,0.73515966,0.74352941,0.75105882,0.75257143,0.76964706,0.77211765,0.77132773,0.76791597,0.78188235,0.78018487,0.78139496,0.77376471,0.78611765,0.78889076
TOX_171,0.56329412,0.64152941,0.68959664,0.70549580,0.71240336,0.74166387,0.73361345,0.72606723,0.74761345,0.75752941,0.75053782,0.75616807,0.76460504,0.75581513,0.75813445,0.74529412,0.74863866,0.75986555,0.74996639,0.75988235
TOX_171,0.63519328,0.69068908,0.73694118,0.74551261,0.74442017,0.74327731,0.73578151,0.75957983,0.75152941,0.75665546,0.75326050,0.76904202,0.75914286,0.76023529,0.77121008,0.76561345,0.76366387,0.75505882,0.77200000,0.78200000
TOX_171,0.56376471,0.62110924,0.67420168,0.70294118,0.72094118,0.73342857,0.73862185,0.73109244,0.74684034,0.74220168,0.74973109,0.75089076,0.75284034,0.76452101,0.74811765,0.75152941,0.76196639,0.75389916,0.75630252,0.76146218
TOX_171,0.61344538,0.67836975,0.68712605,0.69863866,0.70337815,0.73521008,0.74164706,0.73504202,0.76030252,0.75552941,0.75507563,0.78418487,0.77836975,0.78605042,0.78652101,0.80063866,0.79949580,0.80072269,0.81065546,0.81746218
TOX_171,0.61783193,0.68026891,0.69687395,0.71159664,0.73875630,0.75561345,0.76793277,0.74455462,0.74687395,0.75621849,0.74919328,0.73929412,0.76914286,0.75635294,0.74566387,0.74690756,0.74732773,0.74569748,0.74522689,0.76149580
TOX_171,0.62389916,0.69942857,0.71357983,0.71480672,0.74623529,0.74976471,0.76613445,0.76623529,0.77087395,0.76963025,0.77673950,0.78210084,0.78015126,0.77183193,0.77186555,0.77208403,0.77717647,0.78018487,0.78542857,0.77737815
TOX_171,0.64729412,0.68163025,0.71294118,0.73445378,0.74220168,0.74033613,0.75389916,0.74573109,0.76737815,0.75751261,0.73821849,0.75805042,0.75633613,0.76796639,0.78084034,0.77717647,0.77675630,0.77134454,0.77082353,0.75678992
TOX_171,0.55631933,0.62699160,0.67726050,0.67216807,0.67615126,0.70542857,0.69897479,0.70468908,0.72183193,0.72757983,0.74332773,0.74502521,0.74515966,0.73875630,0.74636975,0.75164706,0.75142857,0.75921008,0.75273950,0.76322689
TOX_171,0.55208403,0.64969748,0.68250420,0.67359664,0.67137815,0.71932773,0.71860504,0.73268908,0.72107563,0.72578151,0.75258824,0.74917647,0.74626891,0.76482353,0.74226891,0.75606723,0.75448739,0.75329412,0.75507563,0.75213445
Yale,0.34848485,0.43272727,0.46727273,0.54848485,0.58121212,0.59636364,0.64121212,0.64666667,0.66424242,0.68424242,0.68727273,0.68000000,0.67515152,0.69878788,0.70484848,0.71151515,0.71939394,0.71939394,0.72848485,0.72909091
Yale,0.38000000,0.54424242,0.62727273,0.63151515,0.65212121,0.66969697,0.69818182,0.72242424,0.71696970,0.72727273,0.74060606,0.74666667,0.74424242,0.73454545,0.73818182,0.74303030,0.74969697,0.74606061,0.75090909,0.75878788
Yale,0.46545455,0.58060606,0.59515152,0.62909091,0.65515152,0.65757576,0.68787879,0.70969697,0.71515152,0.70787879,0.72424242,0.72424242,0.73393939,0.73090909,0.74727273,0.75272727,0.74606061,0.75575758,0.76303030,0.76424242
Yale,0.42848485,0.52000000,0.61939394,0.62121212,0.66121212,0.70787879,0.70000000,0.70666667,0.70545455,0.71333333,0.72000000,0.70484848,0.72363636,0.72484848,0.73696970,0.74787879,0.73696970,0.75151515,0.74545455,0.74363636
Yale,0.33757576,0.50060606,0.55757576,0.61212121,0.65030303,0.68666667,0.67757576,0.70363636,0.70727273,0.70848485,0.71636364,0.71333333,0.70666667,0.70666667,0.72484848,0.70727273,0.72666667,0.72000000,0.71333333,0.71818182
Yale,0.46060606,0.55575758,0.62121212,0.65333333,0.66424242,0.69090909,0.70424242,0.71636364,0.70484848,0.72424242,0.72666667,0.73151515,0.73151515,0.73212121,0.73515152,0.72909091,0.73151515,0.73090909,0.72606061,0.73333333
Yale,0.50606061,0.58000000,0.63515152,0.64181818,0.66242424,0.66606061,0.68121212,0.69393939,0.68727273,0.68484848,0.69696970,0.68848485,0.69333333,0.70606061,0.69878788,0.71575758,0.71212121,0.71878788,0.71030303,0.72242424
Yale,0.45454545,0.58060606,0.64848485,0.66121212,0.67454545,0.70121212,0.70606061,0.70242424,0.72787879,0.72060606,0.73090909,0.73090909,0.73757576,0.73636364,0.74121212,0.74303030,0.74545455,0.73818182,0.73515152,0.73818182
Yale,0.48969697,0.56000000,0.62121212,0.64303030,0.65636364,0.68969697,0.67818182,0.68303030,0.69575758,0.69818182,0.69272727,0.69212121,0.71212121,0.71818182,0.71090909,0.71393939,0.72303030,0.71818182,0.72727273,0.72909091
Yale,0.48969697,0.54424242,0.60060606,0.64242424,0.66121212,0.69575758,0.70545455,0.71272727,0.74363636,0.73151515,0.73696970,0.73636364,0.73393939,0.74666667,0.74363636,0.73939394,0.74424242,0.74909091,0.75333333,0.74363636
arcene,0.76650000,0.77900000,0.78900000,0.79500000,0.79650000,0.80000000,0.80250000,0.79150000,0.79950000,0.79800000,0.79400000,0.80000000,0.79950000,0.79850000,0.80050000,0.80950000,0.80500000,0.80400000,0.80250000,0.80600000
arcene,0.73850000,0.76450000,0.76850000,0.77850000,0.76450000,0.76200000,0.76500000,0.76750000,0.77250000,0.77700000,0.78250000,0.78550000,0.79050000,0.78850000,0.78350000,0.79450000,0.79600000,0.79350000,0.80300000,0.78600000
arcene,0.77250000,0.76400000,0.76600000,0.78050000,0.78450000,0.79600000,0.79500000,0.79250000,0.79600000,0.80200000,0.79600000,0.78500000,0.78900000,0.80000000,0.79750000,0.79550000,0.80550000,0.80500000,0.80000000,0.79200000
arcene,0.72950000,0.77250000,0.78250000,0.78300000,0.77800000,0.77600000,0.77850000,0.78250000,0.77150000,0.78700000,0.78900000,0.79050000,0.78600000,0.79200000,0.79350000,0.79450000,0.80250000,0.80500000,0.79850000,0.80400000
arcene,0.81500000,0.80350000,0.80300000,0.79650000,0.80550000,0.80100000,0.80750000,0.80450000,0.80550000,0.80250000,0.80400000,0.81200000,0.80750000,0.80850000,0.81200000,0.81300000,0.80950000,0.81500000,0.81150000,0.81250000
arcene,0.74100000,0.78250000,0.78750000,0.80350000,0.79900000,0.79500000,0.80200000,0.79700000,0.81000000,0.80600000,0.80350000,0.81600000,0.80650000,0.80300000,0.80500000,0.80950000,0.81300000,0.80650000,0.81650000,0.81700000
arcene,0.75800000,0.75400000,0.75850000,0.76600000,0.75400000,0.76350000,0.76000000,0.76250000,0.77250000,0.77950000,0.78000000,0.77400000,0.78100000,0.78400000,0.79050000,0.79500000,0.79750000,0.80250000,0.80250000,0.80650000
arcene,0.75250000,0.77150000,0.78150000,0.77450000,0.79050000,0.79850000,0.80600000,0.81050000,0.80200000,0.80500000,0.80350000,0.79750000,0.78950000,0.79700000,0.79350000,0.79700000,0.79100000,0.79350000,0.79550000,0.79250000
arcene,0.76850000,0.77500000,0.78050000,0.79500000,0.79350000,0.79450000,0.80250000,0.80400000,0.80750000,0.81000000,0.81550000,0.81350000,0.81100000,0.80500000,0.81200000,0.81500000,0.80700000,0.80950000,0.81700000,0.80350000
arcene,0.75700000,0.77550000,0.77750000,0.77050000,0.79000000,0.79800000,0.79800000,0.80500000,0.80150000,0.79400000,0.78350000,0.78900000,0.78650000,0.79450000,0.79300000,0.79200000,0.79600000,0.79800000,0.80750000,0.80500000
colon,0.68230769,0.64923077,0.62256410,0.64166667,0.68243590,0.66923077,0.66064103,0.69064103,0.72410256,0.71282051,0.70743590,0.70269231,0.72371795,0.69935897,0.71602564,0.71948718,0.71858974,0.75025641,0.75512821,0.74256410
colon,0.60230769,0.63243590,0.67871795,0.73641026,0.72025641,0.73897436,0.72461538,0.71346154,0.72961538,0.78743590,0.77153846,0.77333333,0.76333333,0.76615385,0.75846154,0.74192308,0.75192308,0.76141026,0.75358974,0.72628205
colon,0.66743590,0.79487179,0.80910256,0.80794872,0.80205128,0.80038462,0.76807692,0.81064103,0.81897436,0.82192308,0.81102564,0.81243590,0.80397436,0.80076923,0.81705128,0.80871795,0.79256410,0.79461538,0.80564103,0.80038462
colon,0.62743590,0.72435897,0.72743590,0.68910256,0.70230769,0.71448718,0.73089744,0.74769231,0.74833333,0.79205128,0.79897436,0.79423077,0.80897436,0.78910256,0.81025641,0.80397436,0.82179487,0.79910256,0.80115385,0.80217949
colon,0.71782051,0.81346154,0.81038462,0.80525641,0.78730769,0.77153846,0.78410256,0.78282051,0.78128205,0.79384615,0.80358974,0.80102564,0.80051282,0.80858974,0.79358974,0.80743590,0.81692308,0.80076923,0.80628205,0.79884615
colon,0.70256410,0.80320513,0.81358974,0.83948718,0.83564103,0.83782051,0.84423077,0.83935897,0.83012821,0.83320513,0.82705128,0.82679487,0.83294872,0.82705128,0.84410256,0.84128205,0.83948718,0.82974359,0.84141026,0.81692308
colon,0.70974359,0.71205128,0.71410256,0.71525641,0.67423077,0.69666667,0.72730769,0.70487179,0.75012821,0.75012821,0.74179487,0.76807692,0.75961538,0.78576923,0.79705128,0.78987179,0.79410256,0.80256410,0.79884615,0.81038462
colon,0.68512821,0.65256410,0.72653846,0.71948718,0.71346154,0.71320513,0.70051282,0.75089744,0.74602564,0.73782051,0.74756410,0.75076923,0.75282051,0.75564103,0.76846154,0.75705128,0.75910256,0.75717949,0.77320513,0.75589744
colon,0.66858974,0.71846154,0.73641026,0.74576923,0.77320513,0.76858974,0.78205128,0.79487179,0.76525641,0.76038462,0.74641026,0.75576923,0.77525641,0.74833333,0.75858974,0.77461538,0.75576923,0.77025641,0.77679487,0.75448718
colon,0.77743590,0.80269231,0.78384615,0.81153846,0.79038462,0.80179487,0.78230769,0.79858974,0.79692308,0.79115385,0.79076923,0.81294872,0.81974359,0.80653846,0.81961538,0.80820513,0.80692308,0.80179487,0.80038462,0.80358974
gisette,0.63715714,0.86995714,0.90814286,0.92887143,0.93982857,0.93980000,0.94470000,0.94827143,0.95081429,0.95464286,0.95588571,0.95615714,0.95690000,0.95801429,0.95837143,0.95932857,0.95848571,0.96122857,0.96208571,0.96474286
gisette,0.71470000,0.86900000,0.88357143,0.89900000,0.91172857,0.91990000,0.92877143,0.92955714,0.93292857,0.93877143,0.94204286,0.94265714,0.94241429,0.94371429,0.94460000,0.94497143,0.94445714,0.94582857,0.94581429,0.95031429
gisette,0.81505714,0.85648571,0.90061429,0.91148571,0.91645714,0.92018571,0.93460000,0.93888571,0.93855714,0.94238571,0.94507143,0.94854286,0.94880000,0.94988571,0.95068571,0.95220000,0.95362857,0.95448571,0.95420000,0.95418571
gisette,0.66045714,0.84625714,0.86194286,0.88435714,0.88932857,0.90145714,0.90222857,0.90530000,0.93872857,0.93988571,0.94945714,0.95051429,0.95058571,0.95202857,0.95204286,0.95334286,0.95412857,0.95550000,0.95611429,0.95752857
gisette,0.75710000,0.81794286,0.85051429,0.90015714,0.92052857,0.92805714,0.93308571,0.93480000,0.93802857,0.95177143,0.95228571,0.95655714,0.95875714,0.95878571,0.95791429,0.95935714,0.96232857,0.96225714,0.96322857,0.96398571
gisette,0.64780000,0.80334286,0.84907143,0.86925714,0.89360000,0.90038571,0.91641429,0.92028571,0.92378571,0.92121429,0.93070000,0.93507143,0.94088571,0.94088571,0.94100000,0.94435714,0.94630000,0.95118571,0.95208571,0.95261429
gisette,0.56480000,0.69098571,0.75741429,0.79951429,0.85115714,0.89885714,0.91961429,0.92315714,0.92782857,0.93448571,0.93685714,0.94614286,0.94900000,0.95851429,0.95778571,0.95820000,0.96110000,0.96138571,0.96230000,0.96130000
gisette,0.65935714,0.75595714,0.79725714,0.86982857,0.89294286,0.89248571,0.92268571,0.94798571,0.95108571,0.95184286,0.95118571,0.95337143,0.95660000,0.95717143,0.95667143,0.95740000,0.95825714,0.95812857,0.95840000,0.96212857
gisette,0.67330000,0.86290000,0.89372857,0.91557143,0.91745714,0.92527143,0.92774286,0.93744286,0.94072857,0.94350000,0.94660000,0.94880000,0.94894286,0.95078571,0.95218571,0.95374286,0.95312857,0.95050000,0.95415714,0.95504286
gisette,0.62037143,0.67585714,0.75617143,0.86657143,0.88871429,0.90074286,0.91498571,0.92118571,0.93120000,0.92971429,0.93422857,0.93865714,0.93942857,0.94008571,0.94601429,0.94984286,0.95010000,0.95845714,0.95918571,0.95932857
leukemia,0.77057143,0.82342857,0.84180952,0.86542857,0.88866667,0.86380952,0.87085714,0.86380952,0.92057143,0.92314286,0.90942857,0.92733333,0.88857143,0.93333333,0.92866667,0.93714286,0.92876190,0.93304762,0.95942857,0.96380952
leukemia,0.75752381,0.83552381,0.81895238,0.81780952,0.85123810,0.82352381,0.81923810,0.83152381,0.84961905,0.85733333,0.85790476,0.85476190,0.88438095,0.87590476,0.89247619,0.88133333,0.87600000,0.90066667,0.89800000,0.89400000
leukemia,0.88371429,0.87895238,0.90685714,0.88609524,0.88609524,0.88200000,0.88619048,0.90514286,0.90666667,0.89961905,0.90219048,0.89533333,0.89019048,0.88695238,0.88133333,0.88419048,0.88847619,0.88466667,0.89780952,0.90380952
leukemia,0.74257143,0.75504762,0.83152381,0.86352381,0.83742857,0.87057143,0.89247619,0.90952381,0.91638095,0.91352381,0.90476190,0.91761905,0.91523810,0.90800000,0.91904762,0.92333333,0.92485714,0.90800000,0.91904762,0.90809524
leukemia,0.92352381,0.94676190,0.94419048,0.94304762,0.93704762,0.94171429,0.95228571,0.95257143,0.93742857,0.94000000,0.93266667,0.92333333,0.93295238,0.91638095,0.93314286,0.92590476,0.93038095,0.92866667,0.93066667,0.91742857
leukemia,0.78438095,0.81819048,0.86104762,0.86923810,0.87371429,0.86647619,0.86990476,0.86961905,0.87380952,0.88333333,0.89028571,0.90400000,0.91209524,0.91904762,0.90257143,0.91533333,0.90257143,0.90676190,0.91495238,0.91609524
leukemia,0.76657143,0.78428571,0.80266667,0.79285714,0.84590476,0.86085714,0.84952381,0.85247619,0.85514286,0.84009524,0.83809524,0.85800000,0.84990476,0.85647619,0.86685714,0.87028571,0.87609524,0.87495238,0.87066667,0.87009524
leukemia,0.82266667,0.84647619,0.85828571,0.86819048,0.86209524,0.86190476,0.86057143,0.85942857,0.86923810,0.89104762,0.88466667,0.88666667,0.87742857,0.89000000,0.89523810,0.90085714,0.89809524,0.89009524,0.90342857,0.90676190
leukemia,0.83419048,0.86085714,0.86904762,0.90638095,0.89400000,0.89257143,0.90619048,0.90104762,0.90076190,0.89942857,0.91952381,0.90800000,0.91647619,0.92171429,0.92047619,0.91876190,0.91771429,0.91333333,0.90685714,0.90104762
leukemia,0.84047619,0.86638095,0.83704762,0.85114286,0.85209524,0.88657143,0.94428571,0.94447619,0.93504762,0.93038095,0.94314286,0.93200000,0.92209524,0.92761905,0.92647619,0.93838095,0.93247619,0.91371429,0.91666667,0.92752381
lung,0.86295122,0.88670732,0.89157317,0.88763415,0.89408537,0.89258537,0.89506098,0.89800000,0.89946341,0.90389024,0.91470732,0.91323171,0.91079268,0.91376829,0.91428049,0.92365854,0.91917073,0.92120732,0.92556098,0.92463415
lung,0.83118293,0.87704878,0.88578049,0.89513415,0.90798780,0.90997561,0.91624390,0.91480488,0.92015854,0.91926829,0.91778049,0.91679268,0.91281707,0.91531707,0.90889024,0.91187805,0.91234146,0.91826829,0.91634146,0.91186585
lung,0.84792683,0.84741463,0.87686585,0.88725610,0.89312195,0.89410976,0.88970732,0.88964634,0.89560976,0.89159756,0.89507317,0.90196341,0.90204878,0.90696341,0.90596341,0.90696341,0.91086585,0.91921951,0.91926829,0.91926829
lung,0.83597561,0.85469512,0.90200000,0.89412195,0.89270732,0.89312195,0.89321951,0.89117073,0.89167073,0.89020732,0.89018293,0.88575610,0.89117073,0.89271951,0.89071951,0.89020732,0.89065854,0.89413415,0.89660976,0.89858537
lung,0.88817073,0.87540244,0.86603659,0.87841463,0.87448780,0.89952439,0.89902439,0.90789024,0.90985366,0.90351220,0.90596341,0.90441463,0.90990244,0.91082927,0.91626829,0.90592683,0.90692683,0.90548780,0.90791463,0.90745122
lung,0.88078049,0.87731707,0.88520732,0.89165854,0.89364634,0.88964634,0.89169512,0.88873171,0.89208537,0.89312195,0.90300000,0.89860976,0.90098780,0.91143902,0.90892683,0.91387805,0.91928049,0.91779268,0.91676829,0.91480488
lung,0.82279268,0.85619512,0.88136585,0.89162195,0.88624390,0.89209756,0.90048780,0.91478049,0.91329268,0.91185366,0.91429268,0.91284146,0.92169512,0.92360976,0.92213415,0.92073171,0.92071951,0.92219512,0.92270732,0.92024390
lung,0.85674390,0.88870732,0.90297561,0.90250000,0.90646341,0.91332927,0.90645122,0.91335366,0.91087805,0.91230488,0.91089024,0.90981707,0.91287805,0.90840244,0.91331707,0.90791463,0.91624390,0.91189024,0.91280488,0.90939024
lung,0.84378049,0.84631707,0.84734146,0.85959756,0.86845122,0.87592683,0.88278049,0.88481707,0.89214634,0.89367073,0.90945122,0.90403659,0.91193902,0.90995122,0.91837805,0.91634146,0.92270732,0.92229268,0.91882927,0.91690244
lung,0.88532927,0.88924390,0.88917073,0.89313415,0.90552439,0.91192683,0.91186585,0.91878049,0.90992683,0.92225610,0.91826829,0.92228049,0.91237805,0.91685366,0.91532927,0.91586585,0.92121951,0.91771951,0.91434146,0.91086585
lung_discrete,0.45885714,0.45276190,0.59076190,0.61561905,0.61114286,0.60666667,0.63561905,0.62980952,0.62866667,0.62000000,0.63514286,0.65580952,0.67076190,0.70495238,0.68495238,0.71323810,0.72133333,0.71438095,0.72923810,0.74819048
lung_discrete,0.43228571,0.48790476,0.50380952,0.55533333,0.63952381,0.66657143,0.67790476,0.68200000,0.68571429,0.69142857,0.69800000,0.71761905,0.73942857,0.73923810,0.73257143,0.73647619,0.72276190,0.72600000,0.74619048,0.75019048
lung_discrete,0.45114286,0.57514286,0.61009524,0.59485714,0.67638095,0.70295238,0.67495238,0.71866667,0.74304762,0.78561905,0.78590476,0.77333333,0.78333333,0.76238095,0.81695238,0.82009524,0.82419048,0.82561905,0.83238095,0.82580952
lung_discrete,0.33752381,0.46114286,0.51847619,0.53704762,0.58809524,0.63323810,0.65533333,0.65285714,0.67885714,0.71990476,0.70876190,0.69685714,0.74628571,0.75600000,0.75847619,0.77076190,0.79276190,0.77895238,0.78609524,0.79485714
lung_discrete,0.41238095,0.35352381,0.44866667,0.58180952,0.57285714,0.60561905,0.71123810,0.74676190,0.75771429,0.78628571,0.79819048,0.77114286,0.78028571,0.79552381,0.79142857,0.79266667,0.79714286,0.80247619,0.81057143,0.81076190
lung_discrete,0.37447619,0.38876190,0.42733333,0.50876190,0.58838095,0.61038095,0.67742857,0.67476190,0.69257143,0.70190476,0.68857143,0.69342857,0.67400000,0.68285714,0.67057143,0.69438095,0.71047619,0.69942857,0.68304762,0.71561905
lung_discrete,0.44609524,0.45676190,0.52761905,0.58380952,0.56628571,0.57495238,0.64123810,0.71238095,0.72857143,0.70666667,0.70133333,0.71342857,0.73666667,0.72847619,0.72533333,0.73914286,0.76704762,0.76523810,0.75409524,0.78876190
lung_discrete,0.45409524,0.34628571,0.47866667,0.59885714,0.64847619,0.66571429,0.69095238,0.69628571,0.72019048,0.71104762,0.71228571,0.72495238,0.72104762,0.70571429,0.69238095,0.72295238,0.73361905,0.73514286,0.72628571,0.75314286
lung_discrete,0.41952381,0.47590476,0.58152381,0.67819048,0.62380952,0.62676190,0.70838095,0.72133333,0.69495238,0.69419048,0.71485714,0.73028571,0.72961905,0.73771429,0.75733333,0.76152381,0.77742857,0.77342857,0.78152381,0.76771429
lung_discrete,0.30657143,0.44276190,0.48609524,0.55190476,0.64923810,0.67819048,0.66676190,0.65990476,0.66142857,0.71485714,0.70133333,0.73428571,0.74523810,0.74104762,0.74800000,0.74380952,0.74666667,0.74933333,0.74380952,0.74657143
madelon,0.48373077,0.49026923,0.49465385,0.49219231,0.50392308,0.50080769,0.50519231,0.50646154,0.51280769,0.50823077,0.51342308,0.51434615,0.50865385,0.50842308,0.50546154,0.50088462,0.50892308,0.50630769,0.52411538,0.52684615
madelon,0.49803846,0.51007692,0.50857692,0.50646154,0.50673077,0.50076923,0.50280769,0.49738462,0.50923077,0.50307692,0.50634615,0.50073077,0.50623077,0.49653846,0.49742308,0.50015385,0.50011538,0.49738462,0.54353846,0.54130769
madelon,0.51353846,0.50119231,0.50065385,0.50026923,0.50765385,0.51007692,0.51096154,0.51184615,0.51165385,0.56184615,0.67326923,0.72553846,0.71034615,0.69861538,0.69811538,0.69173077,0.67796154,0.67711538,0.66615385,0.67134615
madelon,0.49276923,0.50734615,0.50896154,0.50750000,0.50673077,0.50288462,0.49830769,0.49996154,0.50507692,0.51015385,0.52161538,0.52180769,0.52150000,0.52096154,0.51873077,0.52415385,0.52207692,0.51484615,0.51400000,0.52126923
madelon,0.50103846,0.49688462,0.49573077,0.49250000,0.49057692,0.52773077,0.53273077,0.53550000,0.53992308,0.53850000,0.53153846,0.52996154,0.53880769,0.53823077,0.53792308,0.54169231,0.58607692,0.58638462,0.57923077,0.58015385
madelon,0.48738462,0.52984615,0.53534615,0.53126923,0.53780769,0.60353846,0.59846154,0.59246154,0.58719231,0.59196154,0.61926923,0.61826923,0.61950000,0.61800000,0.63746154,0.63873077,0.63223077,0.62892308,0.62326923,0.62726923
madelon,0.49807692,0.47773077,0.50369231,0.50111538,0.50646154,0.50750000,0.50203846,0.50642308,0.50080769,0.49619231,0.50203846,0.50423077,0.50765385,0.50511538,0.50792308,0.50688462,0.50807692,0.50526923,0.49750000,0.50726923
madelon,0.50646154,0.50511538,0.48996154,0.49419231,0.48811538,0.49069231,0.49607692,0.49257692,0.49623077,0.49396154,0.49130769,0.49365385,0.49273077,0.49246154,0.49907692,0.49357692,0.49388462,0.48973077,0.49450000,0.49857692
madelon,0.50392308,0.50219231,0.50242308,0.49542308,0.50007692,0.50107692,0.50938462,0.61707692,0.61773077,0.61376923,0.61038462,0.61038462,0.61350000,0.61480769,0.61696154,0.61357692,0.61473077,0.61269231,0.61461538,0.61342308
madelon,0.50284615,0.50815385,0.49861538,0.49850000,0.50223077,0.50803846,0.50576923,0.54957692,0.54180769,0.54550000,0.54461538,0.53703846,0.53469231,0.53419231,0.53853846,0.53984615,0.53942308,0.53888462,0.53423077,0.54092308
orlraws10P,0.96200000,0.96800000,0.97200000,0.96200000,0.95700000,0.96800000,0.96700000,0.96200000,0.96900000,0.97100000,0.97000000,0.97000000,0.97200000,0.97100000,0.97000000,0.97700000,0.97100000,0.96600000,0.97400000,0.97600000
orlraws10P,0.96500000,0.96500000,0.97100000,0.98100000,0.98200000,0.98000000,0.98000000,0.98500000,0.98200000,0.98500000,0.98100000,0.98000000,0.97700000,0.97900000,0.97500000,0.98000000,0.97100000,0.98000000,0.97600000,0.97100000
orlraws10P,0.95700000,0.95900000,0.96700000,0.97600000,0.97600000,0.97800000,0.97800000,0.98100000,0.97700000,0.97700000,0.97800000,0.98000000,0.98000000,0.98000000,0.98100000,0.97700000,0.97800000,0.97800000,0.98100000,0.98100000
orlraws10P,0.95000000,0.98100000,0.98200000,0.97600000,0.98100000,0.98100000,0.98100000,0.98000000,0.97700000,0.97000000,0.97700000,0.97500000,0.98100000,0.97700000,0.98100000,0.97900000,0.97300000,0.97700000,0.98000000,0.97100000
orlraws10P,0.95700000,0.95200000,0.96300000,0.96600000,0.96300000,0.96000000,0.96600000,0.96800000,0.97000000,0.97300000,0.96600000,0.97300000,0.96900000,0.96500000,0.97000000,0.96600000,0.97000000,0.96600000,0.96800000,0.96900000
orlraws10P,0.96600000,0.96400000,0.96600000,0.96600000,0.97400000,0.97300000,0.98400000,0.97500000,0.97600000,0.97500000,0.96700000,0.97400000,0.97500000,0.97700000,0.97300000,0.97300000,0.97900000,0.97500000,0.97500000,0.97300000
orlraws10P,0.98600000,0.97900000,0.98000000,0.97900000,0.97700000,0.97500000,0.98200000,0.98400000,0.97800000,0.98200000,0.97900000,0.97900000,0.97900000,0.97500000,0.97900000,0.97300000,0.98000000,0.97700000,0.97600000,0.97100000
orlraws10P,0.96900000,0.97200000,0.97900000,0.98300000,0.98100000,0.97900000,0.97400000,0.97500000,0.97600000,0.97700000,0.97200000,0.97600000,0.97600000,0.97300000,0.97300000,0.97000000,0.97500000,0.97600000,0.97700000,0.97200000
orlraws10P,0.95300000,0.97000000,0.96400000,0.96500000,0.96200000,0.96400000,0.96400000,0.97100000,0.96400000,0.97200000,0.97800000,0.96700000,0.97100000,0.97500000,0.97400000,0.97500000,0.97300000,0.97500000,0.97000000,0.97700000
orlraws10P,0.95900000,0.96500000,0.97100000,0.96700000,0.97100000,0.96800000,0.97300000,0.96600000,0.96700000,0.96800000,0.97500000,0.97500000,0.97900000,0.97100000,0.97300000,0.97600000,0.97300000,0.97000000,0.97300000,0.97600000
pixraw10P,0.98500000,0.99100000,0.98800000,0.98900000,0.99000000,0.98600000,0.98700000,0.98900000,0.98800000,0.98900000,0.98900000,0.98800000,0.98900000,0.98800000,0.98800000,0.99000000,0.99000000,0.98700000,0.98800000,0.98300000
pixraw10P,0.99400000,0.98600000,0.99000000,0.99000000,0.98700000,0.99100000,0.99100000,0.98500000,0.98900000,0.98800000,0.98700000,0.99300000,0.98700000,0.98900000,0.99100000,0.99100000,0.98500000,0.98700000,0.98600000,0.98800000
pixraw10P,1.00000000,0.99800000,0.99200000,0.99400000,0.99300000,0.99200000,0.99000000,0.98900000,0.99300000,0.99000000,0.99400000,0.99400000,0.99000000,0.99300000,0.99100000,0.98900000,0.98800000,0.98600000,0.99200000,0.98900000
pixraw10P,0.99400000,0.99000000,0.99400000,0.99100000,0.99100000,0.99500000,0.99200000,0.99300000,0.99400000,0.99300000,0.99100000,0.99000000,0.99100000,0.99300000,0.99000000,0.99000000,0.99000000,0.99000000,0.98800000,0.98600000
pixraw10P,0.99800000,0.99300000,0.99600000,0.99400000,0.99100000,0.99100000,0.98900000,0.98900000,0.98800000,0.98700000,0.98900000,0.99200000,0.98500000,0.98900000,0.98500000,0.99000000,0.98900000,0.98800000,0.98800000,0.98800000
pixraw10P,0.99300000,0.98400000,0.98300000,0.98400000,0.98700000,0.98200000,0.98300000,0.98400000,0.98500000,0.98600000,0.98200000,0.98600000,0.98600000,0.98800000,0.98600000,0.98600000,0.98500000,0.98500000,0.98600000,0.98800000
pixraw10P,0.99000000,0.98500000,0.98500000,0.98600000,0.98500000,0.98700000,0.98700000,0.98600000,0.98600000,0.98600000,0.98700000,0.98500000,0.98600000,0.98500000,0.98500000,0.98700000,0.98600000,0.98500000,0.98700000,0.98400000
pixraw10P,0.98600000,0.98500000,0.98500000,0.98800000,0.98600000,0.98300000,0.98400000,0.98200000,0.98400000,0.98600000,0.98600000,0.98600000,0.98400000,0.98400000,0.98800000,0.98400000,0.98400000,0.98400000,0.98400000,0.98200000
pixraw10P,0.99800000,0.99600000,0.99800000,0.99500000,0.99800000,0.99700000,0.99500000,0.99500000,0.99100000,0.99100000,0.99100000,0.98900000,0.99200000,0.99200000,0.99100000,0.99000000,0.99100000,0.98900000,0.98400000,0.98600000
pixraw10P,0.98600000,0.99500000,0.99700000,0.99700000,0.99700000,0.99300000,0.99500000,0.99000000,0.98900000,0.99200000,0.99100000,0.99000000,0.99300000,0.99000000,0.99500000,0.99100000,0.99000000,0.98900000,0.99200000,0.99300000
warpAR10P,0.70692308,0.75076923,0.75769231,0.75846154,0.83384615,0.84692308,0.83153846,0.82923077,0.82769231,0.82153846,0.83692308,0.83307692,0.84461538,0.84538462,0.84153846,0.83076923,0.83923077,0.83846154,0.85076923,0.84692308
warpAR10P,0.61384615,0.62615385,0.62230769,0.74461538,0.76307692,0.79846154,0.78923077,0.78538462,0.80538462,0.80307692,0.81538462,0.80769231,0.82153846,0.81461538,0.80153846,0.80461538,0.80230769,0.82461538,0.81923077,0.81076923
warpAR10P,0.69461538,0.69000000,0.74846154,0.74615385,0.78000000,0.79307692,0.79384615,0.79769231,0.81615385,0.81769231,0.81846154,0.82615385,0.82923077,0.83538462,0.82846154,0.83461538,0.83923077,0.84461538,0.85692308,0.86076923
warpAR10P,0.54153846,0.66230769,0.71923077,0.75230769,0.73769231,0.77923077,0.80153846,0.80846154,0.79692308,0.81076923,0.80307692,0.79230769,0.79769231,0.79153846,0.81076923,0.81076923,0.81692308,0.82307692,0.80461538,0.81923077
warpAR10P,0.58384615,0.68076923,0.70153846,0.72461538,0.71307692,0.72692308,0.73461538,0.76076923,0.76615385,0.77692308,0.79769231,0.79615385,0.80538462,0.80769231,0.83153846,0.83692308,0.83076923,0.84230769,0.85153846,0.84692308
warpAR10P,0.58692308,0.67692308,0.71692308,0.70923077,0.76846154,0.78076923,0.78461538,0.79846154,0.79000000,0.81846154,0.81769231,0.82461538,0.82769231,0.83769231,0.84230769,0.84923077,0.84615385,0.83846154,0.85307692,0.84307692
warpAR10P,0.66692308,0.72923077,0.79615385,0.83230769,0.81923077,0.82615385,0.82000000,0.81307692,0.82692308,0.83153846,0.82692308,0.82153846,0.82230769,0.82923077,0.83923077,0.84076923,0.85692308,0.84923077,0.86000000,0.85153846
warpAR10P,0.49538462,0.62538462,0.67692308,0.69076923,0.73153846,0.71615385,0.75000000,0.75230769,0.76615385,0.76230769,0.75307692,0.76000000,0.78230769,0.77230769,0.77153846,0.78615385,0.80769231,0.81923077,0.82000000,0.81769231
warpAR10P,0.64846154,0.71692308,0.75615385,0.76923077,0.77923077,0.80769231,0.80615385,0.81153846,0.82230769,0.83769231,0.82076923,0.83000000,0.83538462,0.85307692,0.86384615,0.85538462,0.84923077,0.86307692,0.86230769,0.87000000
warpAR10P,0.62461538,0.69076923,0.71923077,0.74769231,0.74846154,0.74615385,0.76230769,0.76923077,0.77846154,0.78230769,0.79769231,0.80692308,0.82230769,0.82769231,0.83000000,0.83461538,0.83692308,0.83153846,0.84230769,0.84461538
warpPIE10P,0.92333333,0.95714286,0.96714286,0.97285714,0.97095238,0.96428571,0.97523810,0.98142857,0.97857143,0.97904762,0.97857143,0.97523810,0.97285714,0.97333333,0.97809524,0.97333333,0.97571429,0.97904762,0.97571429,0.97380952
warpPIE10P,0.83619048,0.90761905,0.92619048,0.95190476,0.96333333,0.96761905,0.96761905,0.97095238,0.97285714,0.97476190,0.97428571,0.98190476,0.97761905,0.97857143,0.98142857,0.97809524,0.98047619,0.98190476,0.97857143,0.97904762
warpPIE10P,0.85190476,0.94904762,0.94333333,0.95428571,0.96571429,0.96666667,0.97619048,0.97523810,0.97428571,0.97619048,0.97333333,0.97571429,0.97523810,0.97619048,0.97523810,0.97047619,0.97190476,0.97000000,0.96714286,0.96666667
warpPIE10P,0.90523810,0.93142857,0.95000000,0.95190476,0.96047619,0.95904762,0.95904762,0.95952381,0.96380952,0.96428571,0.96952381,0.97047619,0.97333333,0.97380952,0.97380952,0.97523810,0.97523810,0.97761905,0.97761905,0.97380952
warpPIE10P,0.89952381,0.93000000,0.94761905,0.95952381,0.96285714,0.96571429,0.96857143,0.97380952,0.97952381,0.97809524,0.97809524,0.97428571,0.97952381,0.97428571,0.97952381,0.97952381,0.98142857,0.97761905,0.98000000,0.98285714
warpPIE10P,0.89142857,0.94190476,0.94714286,0.94666667,0.95761905,0.95619048,0.96285714,0.95619048,0.95952381,0.96523810,0.97000000,0.96428571,0.97000000,0.97380952,0.96952381,0.96619048,0.96619048,0.96380952,0.96476190,0.96333333
warpPIE10P,0.88523810,0.94714286,0.96190476,0.96619048,0.97285714,0.97571429,0.98142857,0.98428571,0.97952381,0.97333333,0.98142857,0.97571429,0.98047619,0.98142857,0.97952381,0.98238095,0.97904762,0.98428571,0.98000000,0.98238095
warpPIE10P,0.84523810,0.93666667,0.96666667,0.96285714,0.97095238,0.96714286,0.97428571,0.96952381,0.97047619,0.97428571,0.97428571,0.97476190,0.97428571,0.97714286,0.97761905,0.97714286,0.98047619,0.97666667,0.97571429,0.97571429
warpPIE10P,0.81904762,0.94095238,0.96142857,0.96904762,0.97380952,0.97857143,0.97666667,0.97285714,0.97142857,0.97523810,0.96857143,0.96761905,0.97095238,0.97428571,0.97666667,0.97571429,0.98000000,0.97714286,0.97952381,0.97952381
warpPIE10P,0.87523810,0.94095238,0.95523810,0.96333333,0.96952381,0.96047619,0.96809524,0.97238095,0.97238095,0.96809524,0.98000000,0.97904762,0.98142857,0.98047619,0.97714286,0.98095238,0.97952381,0.98380952,0.98428571,0.98714286
